2026-07-04_18-02-24,0,main.go:2026-07-04_18-02-24
2026-07-04_18-04-13,0,main.go:2026-07-04_18-04-13
2026-07-04_18-04-31,0,main.go:2026-07-04_18-04-31
2026-07-04_18-05-14,0,main.go:2026-07-04_18-05-14
2026-07-04_18-08-25,0,main.go:2026-07-04_18-08-25
2026-07-04_18-08-25,0,main.go:2026-07-04_18-08-25
2026-07-04_18-09-41,0,main.go:2026-07-04_18-09-41
2026-07-04_18-16-08,16,main.go:2026-07-04_18-16-08
2026-07-04_18-19-04,16,main.go:2026-07-04_18-19-04
2026-07-04_18-24-30,16,main.go:2026-07-04_18-24-30
2026-07-04_18-26-40,16,main.go:2026-07-04_18-26-40
2026-07-04_18-29-36,16,main.go:2026-07-04_18-29-36
2026-07-04_18-35-18,16,main.go:2026-07-04_18-35-18
2026-07-04_18-42-14,33,main.go:2026-07-04_18-42-14
2026-07-04_18-42-15,33,main.go:2026-07-04_18-42-14
2026-07-04_18-42-34,33,main.go:2026-07-04_18-42-34
2026-07-04_18-44-01,50,main.go:2026-07-04_18-44-01
2026-07-04_18-44-28,50,main.go:2026-07-04_18-44-01
2026-07-04_18-44-45,66,main.go:2026-07-04_18-44-45
2026-07-04_18-44-45,66,main.go:2026-07-04_18-44-45
2026-07-04_18-46-48,66,main.go:2026-07-04_18-46-48
2026-07-04_18-47-48,66,main.go:2026-07-04_18-47-48
2026-07-04_18-48-10,83,main.go:2026-07-04_18-48-10
2026-07-04_18-51-50,0,main.go:2026-07-04_18-51-50
2026-07-04_18-51-59,83,main.go:2026-07-04_18-51-59
2026-07-04_18-54-11,100,main.go:2026-07-04_18-54-11
2026-07-04_18-56-05,100,main.go:2026-07-04_18-54-11
