2026-04-19_17-01-55,0,main.go:2026-04-19_17-01-55
2026-04-19_17-05-28,0,main.go:2026-04-19_17-05-28
2026-04-19_17-05-43,0,main.go:2026-04-19_17-05-43
2026-04-19_17-05-58,16,main.go:2026-04-19_17-05-58
2026-04-19_17-06-32,0,main.go:2026-04-19_17-06-32
2026-04-19_17-07-15,0,main.go:2026-04-19_17-07-15
2026-04-19_17-07-34,16,main.go:2026-04-19_17-07-34
2026-04-19_17-09-54,0,main.go:2026-04-19_17-09-54
2026-04-19_17-11-37,16,main.go:2026-04-19_17-11-37
2026-04-19_17-12-04,0,main.go:2026-04-19_17-12-04
2026-04-19_17-12-37,0,main.go:2026-04-19_17-12-37
2026-04-19_17-12-45,16,main.go:2026-04-19_17-12-45
2026-04-19_17-28-16,16,main.go:2026-04-19_17-28-16
2026-04-19_17-28-56,16,main.go:2026-04-19_17-28-56
2026-04-19_17-29-37,16,main.go:2026-04-19_17-29-37
2026-04-19_17-30-01,16,main.go:2026-04-19_17-30-01
2026-04-19_17-31-19,16,main.go:2026-04-19_17-31-19
2026-04-19_17-31-32,0,main.go:2026-04-19_17-31-32
2026-04-19_17-31-51,0,main.go:2026-04-19_17-31-51
2026-04-19_17-32-18,0,main.go:2026-04-19_17-32-18
2026-04-19_17-33-23,16,main.go:2026-04-19_17-33-23
2026-04-19_17-37-27,16,main.go:2026-04-19_17-37-27
2026-04-19_17-51-44,16,main.go:2026-04-19_17-51-44
2026-04-19_17-54-04,33,main.go:2026-04-19_17-54-04
2026-04-19_17-58-16,0,main.go:2026-04-19_17-58-16
2026-04-19_18-01-45,16,main.go:2026-04-19_18-01-45
2026-04-19_18-09-18,16,main.go:2026-04-19_18-09-18
2026-04-19_18-10-55,16,main.go:2026-04-19_18-09-18
2026-04-19_18-14-43,0,main.go:2026-04-19_18-14-43
2026-04-20_22-07-58,0,main.go:2026-04-20_22-07-58
2026-04-20_22-08-23,0,main.go:2026-04-20_22-08-23
2026-04-20_22-18-42,0,main.go:2026-04-20_22-18-42
2026-04-20_22-19-17,16,main.go:2026-04-20_22-19-17
2026-04-21_09-45-15,16,main.go:2026-04-20_22-19-17
2026-04-21_10-02-52,16,main.go:2026-04-21_10-02-52
2026-04-21_10-04-39,16,main.go:2026-04-21_10-04-39
2026-04-21_10-05-50,16,main.go:2026-04-21_10-05-50
2026-04-21_10-11-31,33,main.go:2026-04-21_10-11-31
2026-04-21_10-12-31,16,main.go:2026-04-21_10-12-31
2026-04-21_10-14-36,16,main.go:2026-04-21_10-14-36
2026-04-21_10-15-25,50,main.go:2026-04-21_10-15-25
2026-04-21_10-22-14,66,main.go:2026-04-21_10-22-14
2026-04-21_10-23-17,66,main.go:2026-04-21_10-23-17
2026-04-21_10-23-58,66,main.go:2026-04-21_10-23-58
2026-04-21_10-25-48,83,main.go:2026-04-21_10-25-48
2026-04-26_17-34-36,0,main.go:2026-04-26_17-34-36
2026-04-26_17-42-01,83,main.go:2026-04-26_17-42-01
2026-04-26_17-45-09,100,main.go:2026-04-26_17-45-09
