2026-05-02_16-21-02,0,main.go:2026-05-02_16-21-02
2026-05-02_17-32-47,0,main.go:2026-05-02_17-32-47
2026-05-02_17-34-22,0,main.go:2026-05-02_17-34-22
2026-05-02_17-34-43,0,main.go:2026-05-02_17-34-43
2026-05-02_17-35-21,0,main.go:2026-05-02_17-35-21
2026-05-02_17-35-31,0,main.go:2026-05-02_17-35-31
2026-05-02_17-54-11,33,main.go:2026-05-02_17-54-11
2026-05-02_17-57-15,33,main.go:2026-05-02_17-54-11
2026-05-02_18-00-28,66,main.go:2026-05-02_18-00-28
2026-05-02_18-09-06,66,main.go:2026-05-02_18-09-06
2026-05-02_18-13-18,100,main.go:2026-05-02_18-13-18
2026-05-03_13-23-26,66,main.go:2026-05-03_13-23-26
2026-05-03_13-24-08,100,main.go:2026-05-03_13-24-08
