2026-05-03_16-07-32,0,dlist.go:2026-05-03_16-07-32;main.go:2026-05-03_16-07-32
2026-05-03_16-13-50,0,dlist.go:2026-05-03_16-07-32;main.go:2026-05-03_16-13-50
2026-05-03_16-14-05,0,dlist.go:2026-05-03_16-07-32;main.go:2026-05-03_16-14-05
2026-05-03_16-24-38,0,dlist.go:2026-05-03_16-07-32;main.go:2026-05-03_16-24-38
2026-05-03_16-26-37,0,dlist.go:2026-05-03_16-07-32;main.go:2026-05-03_16-26-37
2026-05-03_16-27-55,0,dlist.go:2026-05-03_16-07-32;main.go:2026-05-03_16-26-37
2026-05-03_16-30-35,0,dlist.go:2026-05-03_16-07-32;main.go:2026-05-03_16-30-35
2026-05-03_16-37-18,0,dlist.go:2026-05-03_16-07-32;main.go:2026-05-03_16-37-18
2026-05-03_16-37-34,0,dlist.go:2026-05-03_16-07-32;main.go:2026-05-03_16-37-34
2026-05-03_16-48-22,0,dlist.go:2026-05-03_16-07-32;main.go:2026-05-03_16-37-34
2026-05-03_16-55-43,0,dlist.go:2026-05-03_16-07-32;main.go:2026-05-03_16-55-43
2026-05-03_16-58-46,0,dlist.go:2026-05-03_16-07-32;main.go:2026-05-03_16-58-46
2026-05-03_17-00-44,0,dlist.go:2026-05-03_16-07-32;main.go:2026-05-03_17-00-44
2026-05-03_17-06-18,0,dlist.go:2026-05-03_16-07-32;main.go:2026-05-03_17-06-18
2026-05-03_17-09-03,0,dlist.go:2026-05-03_16-07-32;main.go:2026-05-03_17-09-03
2026-05-03_17-10-09,0,dlist.go:2026-05-03_16-07-32;main.go:2026-05-03_17-10-09
2026-05-03_17-11-38,0,dlist.go:2026-05-03_16-07-32;main.go:2026-05-03_17-11-38
2026-05-03_17-12-29,0,dlist.go:2026-05-03_16-07-32;main.go:2026-05-03_17-12-29
2026-05-03_17-13-14,0,dlist.go:2026-05-03_16-07-32;main.go:2026-05-03_17-13-14
2026-05-03_17-18-12,0,dlist.go:2026-05-03_16-07-32;main.go:2026-05-03_17-18-12
2026-05-03_17-19-52,0,dlist.go:2026-05-03_16-07-32;main.go:2026-05-03_17-19-52
2026-05-03_17-23-47,0,dlist.go:2026-05-03_16-07-32;main.go:2026-05-03_17-23-47
2026-05-03_17-24-44,0,dlist.go:2026-05-03_16-07-32;main.go:2026-05-03_17-24-44
2026-05-03_17-26-34,0,dlist.go:2026-05-03_16-07-32;main.go:2026-05-03_17-26-34
2026-05-03_17-27-30,0,dlist.go:2026-05-03_16-07-32;main.go:2026-05-03_17-27-30
2026-05-03_17-27-48,100,dlist.go:2026-05-03_16-07-32;main.go:2026-05-03_17-27-48
