2026-04-26_17-55-16,0,main.go:2026-04-26_17-55-16
2026-04-26_18-15-51,0,main.go:2026-04-26_18-15-51
2026-04-26_18-16-14,0,main.go:2026-04-26_18-16-14
2026-04-26_18-16-26,0,main.go:2026-04-26_18-16-26
2026-04-26_18-26-48,0,main.go:2026-04-26_18-26-48
2026-04-26_18-28-16,18,main.go:2026-04-26_18-28-16
2026-04-26_18-32-20,18,main.go:2026-04-26_18-32-20
2026-04-26_21-05-16,9,main.go:2026-04-26_21-05-16
2026-04-26_21-05-37,9,main.go:2026-04-26_21-05-37
2026-04-26_21-06-12,9,main.go:2026-04-26_21-06-12
2026-04-26_21-06-24,9,main.go:2026-04-26_21-06-24
2026-04-26_21-06-47,9,main.go:2026-04-26_21-06-47
2026-04-26_21-06-57,9,main.go:2026-04-26_21-06-57
2026-04-26_21-09-04,9,main.go:2026-04-26_21-09-04
2026-04-26_21-09-40,18,main.go:2026-04-26_21-09-40
2026-04-26_21-12-57,18,main.go:2026-04-26_21-12-57
2026-04-26_21-19-16,0,main.go:2026-04-26_21-19-16
2026-04-26_21-26-06,18,main.go:2026-04-26_21-26-06
2026-04-26_21-28-43,18,main.go:2026-04-26_21-28-43
2026-04-26_21-29-44,27,main.go:2026-04-26_21-29-44
2026-04-26_21-31-51,36,main.go:2026-04-26_21-31-51
2026-04-26_21-32-58,45,main.go:2026-04-26_21-32-58
2026-04-26_21-38-02,0,main.go:2026-04-26_21-38-02
2026-04-26_21-42-15,45,main.go:2026-04-26_21-42-15
2026-04-26_21-42-46,54,main.go:2026-04-26_21-42-46
2026-04-26_21-49-28,72,main.go:2026-04-26_21-49-28
2026-04-26_22-17-37,63,main.go:2026-04-26_22-17-37
2026-04-26_22-32-34,63,main.go:2026-04-26_22-17-37
2026-04-26_22-36-00,81,main.go:2026-04-26_22-36-00
2026-04-26_22-53-22,81,main.go:2026-04-26_22-53-22
2026-04-26_22-59-05,90,main.go:2026-04-26_22-59-05
2026-04-26_23-17-25,0,main.go:2026-04-26_23-17-25
2026-04-26_23-17-31,0,main.go:2026-04-26_23-17-31
2026-04-27_15-45-18,0,main.go:2026-04-27_15-45-18
2026-05-02_16-00-44,0,main.go:2026-05-02_16-00-44
2026-05-02_16-01-07,90,main.go:2026-05-02_16-01-07
2026-05-02_16-10-17,100,main.go:2026-05-02_16-10-17
2026-05-02_17-56-53,100,main.go:2026-05-02_17-56-53
