2026-07-05_00-58-54,0,main.go:2026-07-05_00-58-54;queue.go:2026-07-05_00-58-54
2026-07-05_00-58-54,0,main.go:2026-07-05_00-58-54;queue.go:2026-07-05_00-58-54
2026-07-05_01-01-38,0,main.go:2026-07-05_01-01-38;queue.go:2026-07-05_01-01-38
2026-07-05_01-01-38,0,main.go:2026-07-05_01-01-38;queue.go:2026-07-05_01-01-38
2026-07-05_01-08-30,0,main.go:2026-07-05_01-08-30;queue.go:2026-07-05_01-08-30
2026-07-05_01-08-31,0,main.go:2026-07-05_01-08-30;queue.go:2026-07-05_01-08-30
2026-07-05_01-08-32,0,main.go:2026-07-05_01-08-30;queue.go:2026-07-05_01-08-30
2026-07-05_01-08-32,0,main.go:2026-07-05_01-08-30;queue.go:2026-07-05_01-08-30
2026-07-05_01-08-32,0,main.go:2026-07-05_01-08-30;queue.go:2026-07-05_01-08-30
2026-07-05_01-09-26,0,main.go:2026-07-05_01-09-26;queue.go:2026-07-05_01-08-30
2026-07-05_01-09-26,0,main.go:2026-07-05_01-09-26;queue.go:2026-07-05_01-08-30
2026-07-05_01-09-27,0,main.go:2026-07-05_01-09-27;queue.go:2026-07-05_01-08-30
2026-07-05_01-09-27,0,main.go:2026-07-05_01-09-27;queue.go:2026-07-05_01-08-30
2026-07-05_01-09-28,0,main.go:2026-07-05_01-09-28;queue.go:2026-07-05_01-08-30
2026-07-05_01-09-28,0,main.go:2026-07-05_01-09-28;queue.go:2026-07-05_01-08-30
2026-07-05_01-09-39,0,main.go:2026-07-05_01-09-39;queue.go:2026-07-05_01-08-30
2026-07-05_01-26-29,0,main.go:2026-07-05_01-26-29;queue.go:2026-07-05_01-08-30
2026-07-05_01-30-22,0,main.go:2026-07-05_01-30-22;queue.go:2026-07-05_01-08-30
2026-07-05_01-30-23,0,main.go:2026-07-05_01-30-22;queue.go:2026-07-05_01-08-30
2026-07-05_01-30-23,0,main.go:2026-07-05_01-30-22;queue.go:2026-07-05_01-08-30
2026-07-05_01-30-23,0,main.go:2026-07-05_01-30-22;queue.go:2026-07-05_01-08-30
2026-07-05_11-40-20,0,main.go:2026-07-05_01-30-22;queue.go:2026-07-05_01-08-30
2026-07-05_11-59-17,0,main.go:2026-07-05_11-59-17;queue.go:2026-07-05_01-08-30
2026-07-05_11-59-34,0,main.go:2026-07-05_11-59-17;queue.go:2026-07-05_01-08-30
2026-07-05_11-59-52,0,main.go:2026-07-05_11-59-52;queue.go:2026-07-05_01-08-30
2026-07-05_12-00-29,0,main.go:2026-07-05_12-00-29;queue.go:2026-07-05_01-08-30
2026-07-05_12-01-07,100,main.go:2026-07-05_12-01-07;queue.go:2026-07-05_01-08-30
2026-07-05_12-07-12,0,main.go:2026-07-05_12-07-12;queue.go:2026-07-05_01-08-30
2026-07-05_12-07-13,0,main.go:2026-07-05_12-07-12;queue.go:2026-07-05_01-08-30
2026-07-05_12-07-23,0,main.go:2026-07-05_12-07-23;queue.go:2026-07-05_01-08-30
2026-07-05_12-08-05,100,main.go:2026-07-05_12-08-05;queue.go:2026-07-05_01-08-30
